Job Title,Salary Estimate,Job Description,Rating,Company Name,Location,Headquarters,Size,Founded,Type of ownership,Industry,Sector,Revenue,Competitors,date_data_created
Data Scientist,$77K-$92K (Glassdoor Est.),"Data Scientist
Affinity Solutions / Marketing Cloud seeks smart, curious, technically savvy candidates to join our cutting-edge data science team. We hire the best and brightest and give them the opportunity to work on industry-leading technologies.
The data sciences team at AFS/Marketing Cloud build models, machine learning algorithms that power all our ad-tech/mar-tech products at scale, develop methodology and tools to precisely and effectively measure market campaign effects, and research in-house and public data sources for consumer spend behavior insights. In this role, you'll have the opportunity to come up with new ideas and solutions that will lead to improvement of our ability to target the right audience, derive insights and provide better measurement methodology for marketing campaigns. You'll access our core data asset and machine learning infrastructure to power your ideas.
Duties and Responsibilities
· Support all clients model building needs, including maintaining and improving current modeling/scoring methodology and processes,
· Provide innovative solutions to customized modeling/scoring/targeting with appropriate ML/statistical tools,
· Provide analytical/statistical support such as marketing test design, projection, campaign measurement, market insights to clients and stakeholders.
· Mine large consumer datasets in the cloud environment to support ad hoc business and statistical analysis,
· Develop and Improve automation capabilities to enable customized delivery of the analytical products to clients,
· Communicate the methodologies and the results to the management, clients and none technical stakeholders.
Basic Qualifications
· Advanced degree in Statistics/Mathematics/Computer Science/Economics or other fields that requires advanced training in data analytics.
· Being able to apply basic statistical/ML concepts and reasoning to address and solve business problems such as targeting, test design, KPI projection and performance measurement.
· Entrepreneurial, highly self-motivated, collaborative, keen attention to detail, willingness and capable learn quickly, and ability to effectively prioritize and execute tasks in a high pressure environment.
· Being flexible to accept different task assignments and able to work on a tight time schedule.
· Excellent command of one or more programming languages; preferably Python, SAS or R
· Familiar with one of the database technologies such as PostgreSQL, MySQL, can write basic SQL queries
· Great communication skills (verbal, written and presentation)
Preferred Qualifications
· Experience or exposure to large consumer and/or demographic data sets.
· Familiarity with data manipulation and cleaning routines and techniques.",2.9,Affinity Solutions,"New York, NY","New York, NY",51 to 200 employees,1998,Company - Private,Advertising & Marketing,Business Services,Unknown / Non-Applicable,"Commerce Signals, Cardlytics, Yodlee",2019-02-09
Data Scientist,$77K-$92K (Glassdoor Est.),"Secure our Nation, Ignite your Future

Summary

The successful candidate will possess a diverse range of data-focused skills and experience, both technical and analytical. They will have a strong desire and capability for problem solving, data analysis and troubleshooting, analytical thinking, and experimentation.

Duties, Tasks & Responsibilities
Working with large, complex, and disparate data sets
Designing and implementing innovative ways to analyze and exploit the Sponsors data holdings
Researching and reporting on a wide variety of Sponsor inquiries
Raising proactive inquiries to the Sponsor based on observations and proposed data analysis/exploitation
Solving difficult, non-routine problems by applying advanced analytical methodologies, and improving analytic methodologies
Developing custom searches
Communicating and coordinating with internal and external partners as needed
Required Experience, Skills, & Technologies
Thorough knowledge of appropriate analytic tools and methodologies in one or more of the following:
Applied mathematics (e.g. probability and statistics, formal modeling, computational social sciences)
Computer programming (e.g. programming languages, math/statistics packages, computer science, machine learning, scientific computing)
Ability to code or script in one or more general programming language
Experience with and theoretical understanding of algorithms for classification, regression, clustering, and anomaly detection
Knowledge of relational databases, including SQL and large-scale distributed systems (e.g. Hadoop)
Expertise with statistical data analysis (e.g. linear models, multivariate analysis, stochastic models, sampling methods)
Demonstrated effectiveness in collecting information and accurately representing/visualizing it to non-technical third parties
TS/SCI with Polygraph
Desired Experience, Skills & Technologies
Previous investigative experience, using a combination of technical and analytic skills
#LI-SS2

ManTech International Corporation, as well as its subsidiaries proactively fulfills its role as an equal opportunity employer. We do not discriminate against any employee or applicant for employment because of race, color, sex, religion, age, sexual orientation, gender identity and expression, national origin, marital status, physical or mental disability, status as a Disabled Veteran, Recently Separated Veteran, Active Duty Wartime or Campaign Badge Veteran, Armed Forces Services Medal, or any other characteristic protected by law.

If you require a reasonable accommodation to apply for a position with ManTech through its online applicant system, please contact ManTech's Corporate EEO Department at (703) 218-6000. ManTech is an affirmative action/equal opportunity employer - minorities, females, disabled and protected veterans are urged to apply. ManTech's utilization of any external recruitment or job placement agency is predicated upon its full compliance with our equal opportunity/affirmative action policies. ManTech does not accept resumes from unsolicited recruiting firms. We pay no fees for unsolicited services.

If you are a qualified individual with a disability or a disabled veteran, you have the right to request an accommodation if you are unable or limited in your ability to use or access http://www.mantech.com/careers/Pages/careers.aspx as a result of your disability. To request an accommodation please click careers@mantech.com and provide your name and contact information.",4.1,ManTech,"Chantilly, VA","Herndon, VA",5001 to 10000 employees,1968,Company - Public,Research & Development,Business Services,₹100 to ₹500 billion (INR),-1,2019-02-09
Data Scientist,$77K-$92K (Glassdoor Est.),"By clicking the Apply button, I understand that my employment application process with Takeda will commence and that I agree with Takedas Privacy Notice, Privacy Policy and Terms of Use.

Job Description


Takeda is looking for a Data Scientist to join our Data Engineering and Artificial Intelligence team. We are looking for a Data Scientist who can use their Machine Learning, Deep Learning, Data Wrangling and Presentation skills to help deliver insights for our most difficult questions. You will work with the rest of the team to enable Takeda to continue its journey of data maturity, delivering outputs while educating others. You will be helping to solve some of the biggest question at Takeda and for healthcare in general.

Are you looking for a patient-focused, innovation-driven company that will inspire you and empower you to shine? Join us as a Data Scientist in our Cambridge, MA location.

POSITION OBJECTIVES:
Apply machine learning, deep learning and other advanced techniques while performing Data Analysis engagements. This is against structured and un-structured data sets, at small and large scale.
Independently perform complex analysis using modern Data Science techniques against structured or unstructured data to generate insights.
Provide mentorship to other Data Engineers, Data Scientists and Data Specialists across R&D and Vaccines at Takeda as we elevate our data IQ across the organization.
Deliver critical analysis against Takedas toughest data problems to give us critical insight to the organizations largest questions.
POSITION ACCOUNTABILITIES:
Perform machine learning, deep learning and other advanced data techniques at a level of quality that can be defended to peers across organizations.
Introduce novel and state-of-the-art computational techniques to other teams and scientists to improve capabilities for data analysis with the purpose of deriving better insights from available datasets.
Understanding and usage of different Supervised and Unsupervised learning techniques, their biases, how and when to apply them and which methods are the best for a particular analysis.
Ability to wrangle raw data sets into a format that can have advanced methods applied against the resulting data.
Work independently to solve difficult technology and data problems.
Demonstrate usage of advanced tooling and techniques to other technical organizations throughout the company.
EDUCATION, BEHAVIORAL COMPETENCIES AND SKILLS:

Required
Masters Degree or PhD in Computer Science, Data Science or equivalent
3+ years experience or a PhD and relevant project / coursework
Expertise with the Application of Machine Learning and / or Deep Learning
Up-to-date knowledge of data wrangling and analysis technologies
Experience with Spark
Ability to manipulate voluminous data with different degree of structuring across disparate sources to build and communicate actionable insights for internal or external parties
Possesses strong personal skills to portray information
Ability to work in an agile and rapid changing environment with high quality deliverables
Experience with two of the following languages: Python, R, Java or Scala
Experience with deep learning frameworks: TensorFlow, MX Net
Working knowledge of SQL and NoSQL datastores
Preferred
Experience in a scientific environment
Experience with Reinforcement Learning
WHAT TAKEDA CAN OFFER YOU:
401(k) with company match and Annual Retirement Contribution Plan
Tuition reimbursement Company match of charitable contributions
Health & Wellness programs including onsite flu shots and health screenings
Generous time off for vacation and the option to purchase additional vacation days
Community Outreach Programs
Empowering Our People to Shine

Discover more at takedajobs.com

No Phone Calls or Recruiters Please.

#LI-JV1

Locations


Cambridge, MA

Worker Type


Employee

Worker Sub-Type


Regular

Time Type


Full time",3.7,Takeda,"Cambridge, MA","OSAKA, Japan",10000+ employees,1781,Company - Public,Biotech & Pharmaceuticals,Biotech & Pharmaceuticals,₹500+ billion (INR),"Novartis, Baxter, Pfizer",2019-02-09
Data Scientist,$77K-$92K (Glassdoor Est.),"Join Our Growing Team
A career with A Place for Mom is an opportunity for you to join a rapidly expanding company committed to making a difference for seniors and their families. A Place for Mom is an online platform connecting families searching for senior care services with a team of experienced advisors providing insight-driven and personalized solutions. Our mission, as the leader in senior care advisory, is to be a trusted destination for families and our community customers. We are a quickly growing organization with over 500 advisors connecting more than 300K families every year to one of our community customers.
Living by our values and working to achieve excellence on behalf of our customers is integral to success at A Place for Mom. Employees who thrive at A Place for Mom live our values every day and are an important part of our hiring practices:
Focus on Excellence
Act with Integrity & Assume Positive Intent
Drive Outcomes Every Day with Passion and A Sense of Mission
Make the Lives of our Families and Customers Better, Easier and More Successful
Realize the Full Potential in Each Team Member. Work as a Single Supportive Team
The Position
Based in New York, NY or Overland Park, KS, the Data Scientist builds prediction algorithms that help serves families and our senior living community customers more efficiently. This position will support the sales teams in our efforts to drive continued market share growth. The Data Scientist will work within the Commercial Operations team to increase efficiency and improve the customer experience through the application of statistics and machine learning. This position will support the Sales & Operations teams in our efforts to drive greater market share, improve move-in conversion and grow our bottom line.
Who You Are
You are a self-starter who is passionate about increasing efficiency and improving the customer experience through the application of statistics and machine learning. You are able to work independently and lead efforts to drive lead prioritization, customer segmentation, enhanced data analysis, experimental design & testing, business intelligence, and business reporting. You are a strong communicator and enjoy working with talented and driven people that will challenge you to reach the next level.

Incorporate APFM Values into each customer and co-worker interaction
Design implement and maintain models that optimize the customer experience and help our sales team prioritize the right leads at the right time
Develop predictive models that balance accuracy with human interpretability and help evaluate and improve the early stages of the sales funnel
Deign experiments to test the impact of models on customer conversion and other metrics
Evolve a Random Forest based model that sorts leads near the end of their journey through the sales process
Manage & monitor the day to day operation of the servers running existing models and their connection to data repositories
Develop and evaluate models that segment customers at a number of steps along the sales process, with the ultimate goal of improving the customer’s experience through segmentation
Operate and maintain tools that combine disparate data sources and are written in python and R while developing novel ways to utilize the vast amounts of data that APFM maintains
Collaborate with teams throughout APFM to identify the appropriate metrics, define effective test groups, design experiments, calculate samples sizes and evaluate the results of these tests
Investigate business problems and validate assumptions through statistical analysis
Assist the analyst team in generating reports, troubleshooting reports and pulling data to better understand Commercial Operations and Sales trends & performance
Act as the primary lead for the team’s machine learning and statistics who can define a path forward to address business questions in these areas
As the team grows and the need for statistics and machine learning increases we anticipate that the Data Scientist will manage at least one data analyst

2+ years applying statistical and machine-learning methods to solve business problems
Strong SQL skills
Strong Python programming skills; additional experience in R nice to have but not required
Experience maintaining code repositories in git
Sharp problems solving skills and strong statistics skills
Strong fundamentals and intuition in applied statistics for both prediction and explanation
Able to build, optimize, and test prediction and forecasting models
Familiarity with basic Linux tools
Able to quickly understand business problems and implement experimental designs
Able to balance analytical rigor against meeting deadlines
Knowledge of causal analysis methods
Excellent presentation, writing, and data visualization skills
Experience using AWS to implement data science workflows is a plus
Experience working with product managers and business stakeholders to build products driven by prediction models and insights from data analysis
Ability to convey machine learning and statistics concepts to non-experts
Education Requirements.
Bachelor’s degree in technical field required.
Compensation
The position is a salaried, exempt position.
#LI-AR1",3.0,A Place for Mom,"Overland Park, KS","New York, NY",501 to 1000 employees,2000,Company - Private,Healthcare Services & Hospitals,Healthcare,Unknown / Non-Applicable,"Enlivant, Sunrise Senior Living, Brookdale Senior Living",2019-02-09
Data Scientist,$77K-$92K (Glassdoor Est.),"We are looking for Data Scientists who are interested in using data to draw insights that will result in policy changes or business process optimisation, benefiting the public. The applicant will be scoping projects with stakeholders, using data sets across Government Agencies, applying business acumen to tease out relevant impactful insights, and presenting insights in a clear, concise manner by using appropriate visualisations.

He/she should have some training and working experiences on data analytics, and should be comfortable with hands-on data manipulation, data modelling and data visualisation. He/she should also be comfortable with engaging stakeholders on sharpening their business problems.

The analytics work that we do are typically action oriented and cross-cutting across various domains such as social, economic and infrastructure sectors. Over time, he/she will gain exposure to various policy and ops domains and become more adept in bridging between business users and technical expertise.

What to Expect:
Work closely with stakeholders to understand their business challenges, scope the problem and develop business case on how to turn data into critical information and knowledge that are actionable and impactful,.
Perform data cleaning, pre-processing, feature engineering and build relevant models to conduct meaningful analysis. Apply appropriate visualisation techniques to communicate the insight effectively. Iterate with the stakeholders to perform subsequent deep dives based on the initial insights.
Depending on the use case, design of dashboards and interactive visualisations as tools for data exploration and storytelling may be expected.
Potentially deployed to other Government Agencies to be their resident Data Scientist. This will involve formulating and implementing strategies to build strong pipeline of impactful projects at the Agency and executing these projects.
How to Succeed:

Bachelor Degree in Computer Science, Statistics, Economics, Quantitative Social Science, or related degrees. Advanced degrees preferred. We will also factor in relevant certifications (e.g., Coursera)
Minimum 2 years of relevant working experience, preferably in public sector or data science field
Ability to take a broad, strategic perspective as well as drill deep to understand business needs and challenges
Understand key concepts, techniques and considerations in machine learning and data analytics
Training and relevant experience in one or more of the following areas:
Data science tools such as R, Python
Visual analytics technologies like Tableau, Qlik
Excellent communication skills, both oral and written, with ability to pitch ideas and influence stakeholders
Strong analytical, conceptualisation and problem solving skills
Team player with strong organization and people handling skills
Passion for the use of analytics and data to improve Public Service",3.7,GovTech,"San Francisco, CA","Singapore, Singapore",1001 to 5000 employees,2016,Government,Government Agencies,Government,Unknown / Non-Applicable,-1,2019-02-09
Data Scientist,$77K-$92K (Glassdoor Est.),"Job Title: Data Scientists

Job Description
Join an elite group dedicated to continuous personal improvement as GCT is currently seeking Data Scientists of all levels to support an intelligence agency with insights gained from analyzing voluminous sensor data. The ideal candidate is adept at using large data sets to find opportunities for process optimization and using models to test the effectiveness of different courses of action. Candidates must have strong experience using a variety of data mining/data analysis methods, using a variety of data tools, building and implementing models, using/creating algorithms and creating/running simulations. The right candidate will have a passion for discovering solutions hidden in large data sets and working with stakeholders to improve business outcomes.

Clearance: TS/SCI w/Full scope polygraph (or used within the past 24 months)

Education/Experience Requirements

Senior Positions:
Masters degree in Data Science, Statistics, Mathematics, Computer Science or another quantitative field, or extensive comparable experience
10+ years of relevant experience
Junior/Intermediate Positions
Completed B.S. in Data Science, Mathematics, Statistics, Computer Science, Computer Engineering, or a closely related technical field
3-9 years of relevant experience
Qualifications
Experience using statistical computer languages (SAS, SPSS, R, Python, SLQ, etc.) to manipulate data and draw insights fromlarge data sets
Experience working with and creating data architectures
Knowledge of a variety of machine learning techniques (clustering, decision tree learning, artificial neural networks, etc.) and their real-world advantages/drawbacks
Knowledge of advanced statistical techniques and concepts (regression, properties of distributions, statistical tests and proper usage, etc.) and experience with applications
Excellent written and verbal communication skills
Strong problem solving skills
A drive to learn and master new technologies and techniques
Desired Skills
Experience manipulating data sets and building statistical models
Coding knowledge and experience with several languages: C, C++, Java, JavaScript, etc.
Knowledge and experience in statistical and data mining techniques: GLM/Regression, Random Forest, Boosting, Trees, text mining, social network analysis, Bayes, etc.
Experience querying databases and using statistical computer languages: R, Python, SLQ, etc.
Experience using web services: Redshift, S3, Spark, DigitalOcean, AWS, etc.
Experience creating and using advanced machine learning algorithms and statistics: regression, simulation, scenario analysis, modeling, clustering, decision trees, neural networks, etc.
Experience analyzing data from 3rd party providers: Google Analytics, Site Catalyst, Coremetrics, Adwords, Crimson Hexagon, Facebook Insights, etc.
Experience with distributed data/computing tools: Map/Reduce, Hadoop, Hive, Spark, Gurobi, MySQL, etc.
Experience visualizing/presenting data for stakeholders using: Periscope, Business Objects, D3, ggplot, etc.
The success of Great-Circle Technologies depends on the success and well-being of its employees. GCT promotes work/life balance and encourages the overall well-being of each of its contributors. A comprehensive benefits package is provided, which currently includes company paid single medical, dental, life, disability, and long-term care insurances (with contributions to family premiums,) matching 401k plan, 34 days off per year including 10 Federal holidays plus the day after Thanksgiving, Christmas and New Year’s eves!

Join us at Great-Circle Technologies, where innovation is the shortest distance between two points.

Great-Circle Technologies is an Equal Opportunity Employer. Great-Circle Technologies ensures all qualified applicants will receive consideration for employment without regard to gender, race, ethnic background, religion, disability, sexual orientation, gender identity, national origin, age, or protected veteran status.",2.2,Great-Circle Technologies,"Chantilly, VA","Chantilly, VA",1 to 50 employees,2000,Company - Private,Enterprise Software & Network Solutions,Information Technology,₹100 to ₹500 million (INR),-1,2019-02-09
Senior Data Engineer,$77K-$92K (Glassdoor Est.),"Senior Data Engineer
Location/City: Atlanta, GA
Responsibilities
Steady is seeking sharp, highly-motivated data engineers who are excited to play a major role in our product and engineering evolution. We are looking for product focused, results-oriented engineers who thrive in a collaborative, team-focused culture. You will work closely with data scientists, analysts, product managers, business stakeholders, and your team to help define, implement, and ship significant increments to the data infrastructure that powers Steady’s mission-driven product offering.
As a Senior Data Engineer, you will:
Work across all phases of the software development lifecycle in a cross-functional, agile development team setting
Collaborate with data scientists and analysts to prepare complex data sets that can be used to solve difficult problems
Administer, maintain, and improve Steady’s data infrastructure and data processing pipeline, including ETL jobs, events processing, and job monitoring and alerting.
Deliver high-quality, well-tested technical solutions that make sense for the problem at hand
Fearlessly work across components, services, and concerns to deliver business value
Partner with engineers, data scientists, and the CDO to define and refine our data architecture and technology choices
Help define, implement, and reinforce data engineering best practices and processes
Contribute to Steady’s technical vision

Skills & Requirements
Significant data engineering and/or software development experience (5-7 years minimum)
Experience with ingesting, processing, and transforming data at scale
Demonstrated proficiency with SQL, relational database, and data warehousing concepts
Demonstrated aptitude with ETL concepts and tools such as Airflow or AWS Glue
Experience of the AWS data ecosystem (Glue, Kinesis, S3, Lambda, EMR, Redshift, etc.)
Understanding of event-driven and/or streaming workflows with tools like Kafka and Spark
Experience administering cloud-based analytics databases (like Snowflake or Redshift)
Knowledge of Python, R or other common languages used in data science
Ability to thrive in a fast-paced and dynamic environment
Ability to work well in teams of all sizes with representatives from a diverse set of technical backgrounds.
Preferred: Experience with infrastructure automation through tools like Terraform or CloudFormation
Preferred: Experience with indexing and search technologies like elasticsearch, SOLR, etc.
Preferred: Experience building or maintaining a data science modeling environment such as Sagemaker or Databricks, including deployment and monitoring using tools like MLFlow
Bachelor’s or Master’s degree in Computer Science or equivalent experience

Benefits
We value our Steady Team Members and are committed to their success. We are located in downtown Atlanta near MARTA, and in the heart of Playa Vista, CA. We offer competitive compensation packages and a 100% company-paid benefits package including medical, dental, and vision. Steady is a relaxed, casual work environment with flexible hours in addition to a weekly meal stipend. We also offer a generous PTO plan, 401K, and future growth opportunities within the company. We strive to maintain a positive and fun environment for our employees where people can learn and grow with the company.

About Steady
Steady is a mission-driven business that helps people earn more. Through the free Steady app users can build & track income, networks, and buying power – allowing them to augment retirement savings, work around childcare responsibilities, pay down debt, save for purchases, and supplement their income from primary employers, while limiting their income volatility and better positioning themselves for access to a sustainable financial services ecosystem.
Every Steady member will build something different. We celebrate those who take the initiative to create a path that works for them. Whatever that looks like, Steady is there to support it, providing a stable foundation that allows people to build financial success over a lifetime.

Mission: Steady turns the tables by putting workers back in charge of their financial future with an income-building platform that creates financial stability and helps its users to take charge of their future.

For more information, visit us at www.steadyapp.com or on Twitter @TheSteadyApp.

Steady, Platform Inc. (Steady) is an Equal Employment Opportunity employer – All qualified applicants/employees will receive consideration for employment without regard to that individual’s age, race, color, religion or creed, national origin or ancestry, sex (including pregnancy), sexual orientation, gender, gender identity, physical or mental disability, veteran status, genetic information, ethnicity, citizenship, or any other characteristic protected by law.
Statement to ALL Third-Party Agencies and Similar Organizations: Steady accepts resumes only from agencies with which we formally engage their services. Please do not forward resumes to our applicant tracking system, Steady employees, Steady hiring manager, or send to any Steady facility. Steady is not responsible for any fees or charges associated with unsolicited resumes.",3.6,Steady,"Atlanta, GA","Atlanta, GA",1 to 50 employees,2017,Company - Private,Internet,Information Technology,Unknown / Non-Applicable,-1,2019-02-09
Data Scientist,$77K-$92K (Glassdoor Est.),"Are you performance-driven and want your impact to actually matter? Do you want to personally grow and use that expertise to transform your company, industry and the world itself? Do you want to be part of a family that works and plays together; that believes anything is possible and then goes after it?

At goTRG we are designing next generation applications/Software and robotics to achieve more with less.

goTRG is:
Re-defining basic business functions like warehouse management and resource planning
Pioneering new omnichannel e-commerce breakthroughs
Inventing innovative robotics and automation tools
Using our technology to help our partners achieve greater profitability, and reduce their environmental footprint
goTRG has doubled sales in the last three years, we are now ramping up for serious growth. We are looking for valued and passionate associates in every functional area.

Position: Data Scientist

Department: Product Development

Reports to: Director of BI

Position Summary:

The successful incumbent will conduct exploratory analysis, build prototype models to generate insights and then execute these models in production as an integrated part of the company's software systems. The successful candidate will be someone who can transform research and insights into real business value via scale-able production algorithms and applications.

The algorithms and tools you build will provide users with the information they need to make proper decisions and automate processes across the company.

Responsibilities:
Build models to estimate the expected value and demand of products available for sale
Build decision engine applications that simulate supply chain activities and select the path of highest profitability
Participate in the development of sophisticated data collection and synthesis algorithms
Implement all the above in a way that is scalable, enterprise-quality and integrated with other software systems
Build front-end interfaces
Visualize data in way that tells compelling narratives
Requirements
Minimum 5 years experience in a Data Science / similar role
Prototyping languages - Python and R
Java, Scala and C
Hadoop ecosystem
Apache Spark
SQL
Excellent understanding of machine learning techniques and algorithms, such as k-NN, Naive Bayes, SVM, Decision Forests
Good applied statistics skills, such as distributions, statistical testing, regression
Data visualization
Bonus Skills:
Knowledge of web crawling / scraping
HTML/CSS/JavaScript
d3.js and other libraries or frameworks for dynamic data visualization
Experience with web scraping/crawling frameworks
About goTRG

goTRG is a leader in the implementation and execution of multi-channel and supply chain solutions. The company’s innovative R1 technology powers every touch, movement and decision for the world’s largest companies resulting in superior net margins, controls and sell-through.

goTRG has processed and sold 35 million units with a retail value of over $2.3 billion in the last year. 100,000 SKU’s are simultaneously listed on 22 marketplaces with a retail value of over $100 million. R1 has collected and curated data for over 38 million UPC’s from over 50 marketplaces in the last year.",4.0,goTRG,"Miami, FL","Miami, FL",501 to 1000 employees,2008,Company - Private,Enterprise Software & Network Solutions,Information Technology,₹10 to ₹50 billion (INR),-1,2019-02-09
"Associate Director, Data Science",$77K-$92K (Glassdoor Est.),"About Veracyte


Veracyte (Nasdaq: VCYT) is a leading genomic diagnostics company that improves patient care by providing trustworthy and actionable answers to challenging clinical questions. The company's products uniquely combine advanced genomic technology, clinical science and machine learning to provide answers that give patients and physicians a clear path forward, informing both diagnosis and treatment decisions without the need for costly, risky surgeries that are often unnecessary. Since its founding in 2008, Veracyte has commercialized seven genomic tests and is transforming the diagnosis of thyroid cancer, lung cancer, idiopathic pulmonary fibrosis and breast cancer.

The Position


We are seeking a strong technical leader to serve as the Data Science Associate Director who will lead the algorithm development and all analytical aspects of our machine-learning based diagnostic products. This person will lead a team of data scientists to bring analytical rigor and statistical methods to the challenges of modeling large, diverse and complex data sets. This leader position will focus on computational biology with an emphasis on deep genomic sequencing analysis and machine learning within Research and Development. More specifically, the role will work on cross-disciplinary integrative data analytics and modeling. This individual will report to the SVP of Bioinformatics & Data Science.

This is a hands-on role that will apply expertise in cutting-edge computational technologies as well as leverage extensive data on deep genomic sequencing, biomedical imaging, clinical features, and demographic factors to deepen our understanding of complex diseases. This effort will enhance our power in machine learning and data mining towards the diagnosis of important medical conditions. This position is a core team member of discovery leadership and participates in portfolio and stage gate reviews, shaping and implementing strategies that support R&D growth. In an intensely collaborative and fast-paced environment, this individual will experience the swift implementation of their hard work towards products that will transform patient lives.

Roles / Responsibilities
Provide strategic input and leadership to help build analytical capabilities in diagnostic development
Build and manage a team of 3-4 computational scientists, including recruiting/hiring, motivation, performance management, and maintaining a high level of technical excellence and positive teamwork
Lead algorithm development for feature extraction, classification, and model evaluation. Sources of data will include deep next generation sequencing, demographic, clinical, and imaging data from patients.
Near term goals include:
Develop algorithms to extract, process, and combine the most relevant features from expression signals, DNA alterations, biomedical imaging, clinical information, and demographic characteristics to reach high-performance classification of the nasal product development.
Maintain keen awareness of advances in the field and evaluate applicability of new machine/deep learning methods while continuously expanding our computational technologies to most efficiently utilize available data and develop the optimal diagnostic tools.
Provide mentoring and guidance to team members on computation and machine learning development. Mentor and manage junior members.
Who You Are

The successful candidate should be motivated by the opportunity to contribute to clinically vital diagnostic tests that dramatically improve patient outcome. You should be a creative problem solver who loves working in a multidisciplinary team of statisticians, bioinformatics scientists, BioIT staff, and wet lab biologists. You are a pragmatic leader with a focus on value-creating activities and a track record of creativity, innovation, and delivery of real-world value. You are skilled in active listening, welcome feedback from others, and constantly strives for improvement to better serve the team’s needs. As a senior leader you demonstrate a positive “can-do” attitude and fast adaptation to change.

The incumbent should be familiar with emerging approaches for analyzing and modeling clinical, molecular, and other complex data types. These include traditional bioinformatics and statistical methods as well as data mining and machine learning approaches. We are looking for a leader who can collaborate effectively across multiple domains internally and externally to drive our diagnostic development strategy forward.

Technical Requirements
A Ph.D. degree in statistics, c omputational biology, bioinformatics, computer science or equivalent field with a minimum of 10 years applicable professional experience, with five of those years in an industry setting
3 years of people management experience leading teams of computational biologists/statisticians/bioinformatics/data scientists in industry
Technical proficiency in languages such as R, Matlab, Python, Java, JavaScript, and C++
Hands-on advanced proficiency in handling and analyzing large data sets such as next-generation sequencing data
Experience with medical imaging analysis such as usage of CAFFE and other deep learning methodologies on GPU operating system is a plus
Highly experienced with the information technology aspects of data collection, organization, and integration
Deep knowledge in optimal computational environment required for data processing, mining, and machine learning
Experience with big data technologies and HPC such as the Hadoop ecosystem
Expertise in dimensionality reduction techniques
Excellent written and verbal communication and presentation skills are required. Highly experienced in writing peer-reviewed scientific manuscripts
Ability to translate complex computational concepts in such a way that scientifically trained individuals in other disciplines can readily understand their significance
Experience with the development of IVD molecular diagnostics and regulatory requirements are highly desired
What We Can Offer You

Veracyte is a growing company that offers significant career opportunities if you are curious, driven, customer-oriented and aspire to help us build a great company. We work collaboratively, offering you the opportunity to constantly learn from your colleagues – even those outside of your area of expertise. Here at Veracyte, we find fun, little ways to make it a great place to work – participate in our annual Halloween costume contest, treat yourself to the endless supply of PB&J sandwiches, and toast with colleagues as we celebrate milestones. We also offer conveniences such as an on-site workout room and free shuttle service from both BART and CalTrain. We are a company with a heart and believe in positively impacting the world beyond our doors by providing our product to those who cannot afford it through a financial assistance program. Veracyte seeks the best employees and works to create an environment where they can thrive, expand their knowledge and contribute at the highest level.
About Veracyte

Veracyte, Inc. is a leading genomic diagnostics company that is fundamentally improving patient care by resolving diagnostic uncertainty with evidence that is trustworthy and actionable. The Company’s products uniquely combine genomic technology, clinical science and machine learning to provide answers that give physicians and patients a clear path forward without risky, costly surgery that is often unnecessary. Since its founding in 2008, Veracyte has commercialized three genomic tests, which are transforming the diagnosis of thyroid cancer, lung cancer and idiopathic pulmonary fibrosis and collectively target a $2 billion market opportunity.

At Veracyte, we are more than just a diagnostics company. We are redefining diagnostic truth and changing patient care as we know it. We are improving the lives of patients by enabling the evolution of evidence-based clarity from scientific discovery. Our team embraces challenges - the more complex, the better. We are laser-focused and know how to prioritize. We act with a sense of urgency, because when it comes to advancing patient care, every minute matters. We take ownership of our work and are deeply committed to the success of our team. And, above all, we value integrity - in our work and how we treat all of our stakeholders, including each other.

Our accomplishments and innovation have earned us widespread recognition, from appearing on The Wall Street Journal Next Big Thing list to receiving the 2016 Edison Award, which honors product innovation and excellence. Yet the honor we are proudest of is being named a Top Workplace by the Bay Area News group four years in a row, based solely on feedback from our employees.

Veracyte affords equal employment opportunities to all qualified persons, regardless of race, color, religion, national origin, age, sex, disability, sexual orientation, gender expression, veteran or marital status. Veracyte participates in E-Verify in the United States",3.5,Veracyte,"South San Francisco, CA","South San Francisco, CA",201 to 500 employees,2008,Company - Public,Biotech & Pharmaceuticals,Biotech & Pharmaceuticals,₹10 to ₹50 billion (INR),-1,2019-02-09
Senior Data Scientist,$77K-$92K (Glassdoor Est.),"Brinks Home Security™ is a proven leader in the smart home technology and residential security industries, providing cutting-edge products and alarm monitoring services to more than one million customers throughout North America. We are currently seeking a motivated and dynamic Senior Data Scientist.

Our brand promise delivers on 4 core principles:
Integrity in Action: Be True, Be Responsive, Be Accountable
Sense of Urgency: Every Moment Matters
Relentless Discipline: Rigor, Precision and Excellence in Every Single Action
Results Matter: Account to Customers, Employees & Stakeholders
Join our team of trusted security advisors and providers and help us create more secure smart home customers.

Summary:

Brinks Home Security’s Business Intelligence team is rapidly growing and is seeking a Senior Data Scientist to advise on and implement machine learning models to improve customer acquisition and customer retention efforts across the organization.

Essential Duties and Responsibilities:
Develop, implement and evaluate machine learning and optimization models across multiple platforms to create actionable insights from complex data sets.
Work closely with data engineers to deploy models and systematically track model and data performance.
Understand and clearly communicate model performance to leadership team by translating the complex into the concise and clear
Collaborate with Operations, Marketing, Sales, and IT to utilize model findings to build and test programs that improve customer acquisition and retention efforts
Requirements:
Advanced degree in a quantitative discipline such as Computer Science, Engineering, Applied Mathematics, Statistics, Econometrics or Undergraduate degree with significant, demonstrative experience in data science
4+ years of demonstrated/hands-on experience required for the following:
Machine Learning and statistical analysis (text mining, sentiment analysis, gradient boosting, random forest, regression, etc.)
Designing and running experiments and extracting insights
Visualization/Dashboarding tools (Experience with Tableau preferred)
Proficiency in Python and relevant libraries
Thorough understanding of SQL
2+ years experience working with cloud infrastructure (Azure, AWS, Google Cloud etc.)
Excellent communication skills and the ability to collaborate with leadership and other lines of the business",3.4,Brinks Home Security,"Dallas, TX","Farmers Branch, TX",1001 to 5000 employees,-1,Company - Public,Security Services,Business Services,Unknown / Non-Applicable,"ADT Security Services, Protection 1",2019-02-09
Quality Control Scientist,$77K-$92K (Glassdoor Est.),"Position Summary:

The Quality Control Scientist will provide oversight of contract analytical labs and manufacturers. This includes, review of analytical data from release and stability studies and review of method validation protocols and reports. The candidate should have a strong understanding of cGMPs and relevant ICH and FDA regulatory guidelines. Prior hand-on experience working in a QC lab and thorough understanding of root cause analysis for investigations is required. This position will interact and work closely with cross-functional teams, including, manufacturing, quality assurance and regulatory.

Responsibilities:
Review analytical data packages generated during GMP release/stability testing of drug substance and drug product at the contract manufacturing sites
Assist in investigations and formulate a plan to identify/confirm root cause for anomalous results
Write and/or review method validation and transfer protocols and reports
Write and/or review protocols and reports related to stability studies as well as prepare tables summarizing results from stability studies
Track and trend release and stability data for batch analysis and shelf life establishment
Initiate change control for internal specifications and regulatory documents
Evaluate and perform risk assessment for change control documents provided by the contract manufacturing sites
Manage reference standard program for drug substance, impurities and degradants
Qualifications:
B.S. or M.S in analytical chemistry or related scientific disciplines with 5+ years of experience in analytical development with minimum of 3+ years of experience in quality control
Skills, Knowledge & Abilities:
Hands-on proficiency and problem-solving skills with chromatographic techniques e.g. HPLC, UPLC and GC. Familiarity with mass and UV/VIS spectroscopic techniques is an advantage
Prior experience in interacting with contract labs and manufacturing sites is a plus
Hands-on experience with method validations and transfers in support of pharmaceutical manufacturing
Proficiency in performing root cause analysis for investigation
Experience with iStability software is a plus
Passion for learning, creating, relating, communicating, and leading cross functional teams
Excellent verbal and written communication skills
Experience in a start-up environment preferred
Must be pro-active team player, flexible, and open to change
Working Conditions: Will work from the Company’s San Francisco Bay Area office, with additional travel as required to oversee the virtual development and manufacturing network (estimated at 25%).

Physical Demands and Work Environment:

This is largely a sedentary role; however, some filing is required. This would require the ability to lift files, open filing cabinets and bend or stand on a stool as necessary.

This job operates in a professional office environment and routinely uses standard office equipment such as computers, phones, photocopiers, filing cabinets and fax machines.

Benefits and Perks:

Apellis offers a great benefit package which includes: health insurance with full premium coverage, 401K with company match, paid time off (PTO), long- term disability insurance, life insurance and more! Visit http://apellis.com/careerbenefits.html to learn more.

Company Background:

We are a clinical-stage biopharmaceutical company focused on the development of novel therapeutic compounds to treat disease through the inhibition of the complement system, which is an integral component of the immune system, at the level of C3, the central protein in the complement cascade. We believe that this approach can result in broad inhibition of the principal pathways of the complement system and has the potential to effectively control a broad array of complement-dependent autoimmune and inflammatory diseases.

Visit http://apellis.com/about.html to learn more.

#LI-CB1",4.0,Apellis Pharmaceuticals,"San Francisco, CA","Waltham, MA",201 to 500 employees,2008,Company - Public,Biotech & Pharmaceuticals,Biotech & Pharmaceuticals,Unknown / Non-Applicable,-1,2019-02-09
Data Scientist,$77K-$92K (Glassdoor Est.),"Job Description


Avlino Inc. is seeking experienced data scientists to join our growing team
of AI engineers, analysts, and quantitative developers. The role involves
model construction, information extraction, prediction and finding solutions
to large-scale problems for mission critical applications using large
derived from a broad spectrum of domains for industry specific sectors. The
ideal candidate will have comprehensive expertise in machine learning,
time-series analysis modeling, statistical data analysis, and deep neural
networks. Experience with dynamic programming and reinforcement learning is
a plus.

Demonstrate your experience in creating real-world artificial intelligence
applications using pulsing customer data sets!

This is a great opportunity for an experienced Data Scientist with 4+ years
of relevant experience to work in a fast-paced environment where they can
share their passion for numbers and AI.

Responsibilities
Develop, implement, and use a broad set of machine-learning models and
quantitative techniques for prediction and classification for mission
critical applications.
To find problems in industrial and service sector applications.
Strong background in numerical techniques, optimization, and gradient
methods.
Development of new machine learning algorithms and/or substantial
modification of pre-existing techniques.
Analysis of high-volume, noisy, heterogeneous real-time data.
Collaborate with business analysts to transform customer needs into
actionable insights.
Design custom end user reports that are easy to read and interpret for
multiple business unit audiences.
Architect the next generation analytical platform.
Capable of de novo implementation of mathematical models, or to avail
widely used open source programming platforms and libraries (Scala, R,
python, TensorFlow).

Requirements
MUST: Solid 5 years of experience in machine learning, statistical
modeling, data mining, time-series forecasting, and neural networks.
MUST: Solid 5 years of experience working with big data technologies
distributed computing such as Hadoop/Spark, Map/Reduce, TensorFlow.
MUST: Solid 5 years of experience in multiple programming languages –
C#/.NET, C++, C, Scala, Python, R, Java.
Experience in developing or implementing enterprise class Data Analytics
and BI solutions.
Extremely analytical and able to solve problems independently.
Assesses customer requirements and translate them to appropriate
deliverables.
MUST: Have an analytical mind, and on point with detailed specifics.
MUST: Education: MS/Ph.D. (Preferred) in Computer Science, Physics, or a
related discipline.
PLUS: Experience in the logistics or transportation industry.",4.9,Avlino,New Jersey,"Holmdel, NJ",1 to 50 employees,2013,Company - Private,Enterprise Software & Network Solutions,Information Technology,₹10 to ₹50 million (INR),-1,2019-02-09
Data Scientist,$77K-$92K (Glassdoor Est.),"JOB CATEGORY:

Information Services

REQUISITION NUMBER:

351281

ds

A BIT ABOUT OUR DATA SCIENCE & ANALYTICS TEAM

Kinship’s Data Science & Analytics team is core to our strategy. We’re using digital, data and customer insights to transform our business by finding answers to problems that we’ve often never asked ourselves before. Our vast data assets are being combined to build a 360° view of Pets and Pet Owners to not only power Kinship’s businesses but also influence the next great ideas in the Petcare space. This role will be key in helping us understand the power of our data, and how this translates into value for our company, Pets, and Pet Owners. Frequently the projects will be ambiguous, but that’s part of the fun; you will determine the best way to leverage our data to tell the right story for any given audience.

HOW YOU’LL CREATE A BETTER WORLD FOR PETS
Apply data science approaches to understand and predict pet and pet owner behaviors
Use machine learning techniques, visualizations, & statistical analysis to gain insight into various data sets – some readily available, and some you create and curate yourself
Collaborate with internal and external teams to ensure we focus on pet-centric product and service recommendations
Support new pet technology businesses and partners by generating actionable insights from our data assets
Develop compelling stories that provide insight into the drivers of business performance and Pet/Pet Owner behavior
WHO WE NEED TO CHART THE FUTURE OF PET CARE

We strive to hire people who are:

Optimistic. Those who’s boundlessly energy and enthusiasm for what’s next shines through in everything they do. We seek to work with people who are intrinsically happy, and who will drive our vision and purpose while managing the complexities of our businesses.

Purposefully Inquisitive. Those who are courageous and use their deep business insights to cultivate innovation. We want the trailblazers in tech. Those who are entrepreneurs at heart, ask the tough questions, adapt quickly to new situations, and analyze data in new ways to push our big ideas forward.

Open to All. Those who are inclusive leaders, committed to learning, and leveraging our differences as strengths. We hire people who are naturally collaborative and thrive in a flat and flexible organization. Those who are thoughtful communicators, and seek to foster meaningful relationships across our community of diverse partners.

And for this role, we hope you have the following skills we require to round out our team:
Exceptional written & verbal communication, coupled with critical thinking skills.
Truly inspired by, and want to live, our purpose of creating a better world for pets.
1+ years’ experience in a data science role handling varied and complex data
Proficiency in machine learning modeling and statistical thinking (random forest, decision trees, supervised and unsupervised modeling, etc.)
Hands-on experience with Python is required; Familiarity with PySpark is also desirable
Comfortable with ambiguity, with a passion for collaboration to achieve objectives
A Bachelor’s degree in quantitative field (economics, statistics, business, computer science) or equivalent experience
If you also had these experiences, you’d knock it out of the dog park:
Passion for growing and strengthening a business using data driven approaches
Familiarity with cloud-based computing services e.g. AWS, Databricks, etc.
Enjoys explaining how models and systems work to both non-technical and technical stakeholders.
.

Nearest Major Market: Portland Oregon
Job Segment:
Scientific, Database, Computer Science, Cloud, Statistics, Engineering, Technology, Data

Apply now »",3.9,Mars,Oregon,"Mc Lean, VA",10000+ employees,1911,Company - Private,Food & Drink Manufacturing,Manufacturing,₹500+ billion (INR),-1,2019-02-09
Data Scientist,$77K-$92K (Glassdoor Est.),"GEICO’s Data Science team uses predictive analytics and innovative machine learning models to create value from data. We solve problems across GEICO, from Marketing to Claims and Underwriting, and are responsible for developing and driving strategic modeling initiatives. We see our projects through the entire data science lifecycle, from problem definition to data exploration, data munging, modeling, analysis, and deployment into production systems. We maintain a close partnership with IT to ensure that our models can be deployed quickly and monitored in a flexible deployment framework.

As a Data Scientist, you will be a member of this diverse and highly skilled team. On any given day, you may be exploring new data sets with a business or IT partner, learning the intricacies of a business process, building models, or coordinating the productionalization of a model. You will use a variety of tools (including SQL, Python, R, Spark, and shell scripting) in a variety of environments (including various databases, Linux servers, and Hadoop). You’ll work in a highly collaborative, team environment where you will quickly develop wide ranging exposure to new methods and best practices for conducting data science in a commercial environment.

Expected Qualifications:

Bachelor’s degree in a quantitative discipline, such as statistics, data science, computer science, mathematics, engineering, physics, etc. Advanced degree strongly preferred
2 years of combined academic/industry experience with predictive modeling, machine learning, advanced analytics
Solid understanding and experience with advanced statistics and modern machine learning predictive techniques such as GLMs, decision trees, forests, boosted ensembles, neural networks, deep learning, etc.
Strong coding skills using common data science tools, such as Python (strongly preferred), R, Linux/Unix command line and shell scripting, etc.
Strong skills in data processing using SQL, Hive, Impala, Spark, or equivalent querying language
Familiarity with distributed storage and big data computing technology (AWS, Hadoop, Spark, etc.)
Excellent communication skills
Passion for extracting hidden insights and building machine learning systems that enhance business outcomes
About GEICO

For more than 75 years, GEICO has stood out from the rest of the insurance industry! We are one of the nation's largest and fastest-growing auto insurers thanks to our low rates, outstanding service and clever marketing. We're an industry leader employing thousands of dedicated and hard-working associates. As a wholly owned subsidiary of Berkshire Hathaway, we offer associates training and career advancement in a financially stable and rewarding workplace.

Our associates' quality of life is important to us. Full-time GEICO associates are offered a comprehensive Total Rewards Program*, including:
401(k) and profit-sharing plans
Medical, dental, vision and life insurance
Paid vacation, holidays and leave programs
Tuition reimbursement
Associate assistance program
Flexible spending accounts
Business casual dress
Fitness and dining facilities (at most locations)
Associate clubs and sports teams
Volunteer opportunities
GEICO Federal Credit Union
Benefit offerings for positions other than full-time may vary.
GEICO is an equal opportunity employer. GEICO conducts drug screens and background checks on applicants who accept employment offers.

How to Apply

Click ""Apply for Job"" to complete your application. You will need an active email address and phone number. Please upload your resume, preferably as Word .doc files or PDF. Once you begin your application you can save it and access it later. Your application should include any work and/or internship experience from at least the past five years.
#LI-JW1",3.3,GEICO,"Chevy Chase, MD","Washington, DC",10000+ employees,1936,Subsidiary or Business Segment,Insurance Operators,Insurance,₹500+ billion (INR),-1,2019-02-09
Analytics Manager - Data Mart,$77K-$92K (Glassdoor Est.),"We have an opportunity to join the Alliance as the Analytics Manager - Data Mart leading in the Analytics Services Department.

WHAT YOU'LL BE RESPONSIBLE FOR


Reporting to the Analytics Director, you will manage and lead the analytical data management function, including the gathering and assessment of business information needs for enterprise analytics and preparation of system requirements in order to create a single source of truth. Manage and lead the business information solution based Key Performance Indicator (KPI) dashboard reporting, customization, training and related integration with the Enterprise Data Warehouse (EDW). You will also manage, supervise, mentor and train assigned staff.

ABOUT THE TEAM

Our Analytics teams are skilled, focused, and highly collaborative. We work hard, have fun and take pride in how our work impacts the health outcomes for the communities we serve.

THE IDEAL CANDIDATE WILL HAVE
Passion and drive to roll up their sleeves and be a hands on manager
Expertise and passion in the design, maintenance and evaluation of comprehensive analytical data marts
Strength in developing data management plans, data dictionaries
Experience and excitement for developing new teams and processes
Strong communication skills and the ability to partner with cross-functional teams
Ability to lead and inspire others, while promoting an environment that supports professional growth, embraces complex challenges and celebrates accomplishments
WHAT YOU'LL NEED TO BE SUCCESSFUL

To read the full position description, and list of requirements click here.

Knowledge of:
Data warehouse and analytical data mart concepts
SQL
Tools and techniques of data analysis and information reporting
Thorough knowledge of information repository issues and concepts
Joint Application Design (JAD) facilitation or other requirements-gathering techniques
Relational database concepts and the creation of queries and reports using SQL and Tableau
Data elements and their relationship to data quality requirements
Ability to:
Develop work plans and workflows and organize and prioritize analytical data mart activities
Interpret and apply complex principles, policies, terms and procedures
Define issues, interpret data, identify solutions, and make recommendations for action
Independently document, summarize and resolve complex issues and projects
Train, mentor, supervise, and evaluate the work of staff
Education and Experience:
Bachelor's degree in Computer Science, Information Science or a related field and seven years of experience performing data analysis and manipulation which included some experience leading or supervising staff; or an equivalent combination of education and experience may be qualifying

OUR BENEFITS
Medical, Dental and Vision Plans
Ample Paid Time Off
11 Paid Holidays per year
401(a) Retirement Plan
457 Deferred Compensation Plan
Robust Health and Wellness Program
EV Charging Stations
And many more
ABOUT US


We are a group of over 500 dedicated employees, committed to our mission of providing accessible, quality health care that is guided by local innovation. We feel that our work is bigger than ourselves. We leave work each day knowing that we made a difference in the community around us.

Join us at Central California Alliance for Health (the Alliance), where you will be part of a culture that is respectful, diverse, professional and fun, and where you are empowered to do your best work. As a regional non-profit health plan, we serve over 330,000 members in Santa Cruz, Monterey and Merced counties. To learn more about us, click here or check out this video.

At this time the Alliance does not provide any type of sponsorship. Applicants must be currently authorized to work in the United States on a full-time, ongoing basis without current or future needs for sponsorship.",3.5,Central California Alliance for Health,"Scotts Valley, CA","Scotts Valley, CA",501 to 1000 employees,1996,Non-profit Organisation,Healthcare Services & Hospitals,Healthcare,₹50 to ₹100 billion (INR),-1,2019-02-09
Data Scientist,$77K-$92K (Glassdoor Est.),"Overview


Data Scientist

Locations US-MA-Boston | CA-QC-Montreal

Analysis Group is one of the largest international economics consulting firms, with more than 1,000 professionals across 14 offices in North America, Europe, and Asia. Since 1981, we have provided expertise in economics, finance, health care analytics, and strategy to top law firms, Fortune Global 500 companies, and government agencies worldwide. Our internal experts, together with our network of affiliated experts from academia, industry, and government, offer our clients exceptional breadth and depth of expertise.

We are currently seeking a Data Scientist to join our team. The ideal candidate should be passionate about working on cutting edge research and analytical services for Fortune 500 companies, global pharma/biotech firms and leaders in industries such as finance, energy and life sciences. The Data Scientist will be a contributing member to client engagements and have the opportunity to work with our network of world-class experts and thought leaders.

Job Functions and Responsibilities

The candidate Data Scientist will help develop, maintain and teach new tools and methodologies related to data science and high performance computing. This position will also help Analysis Group in maintaining our leadership position in terms of advancing methodology and data analytics. The Data Scientist will be responsible for staying abreast of new developments in technology relating to data science, to share more broadly with Analysis Group.

Key responsibilities for this position will include:
Working with project teams to address data science/computing challenges
Identifying opportunities for technology to enhance service offerings
Acting as a resource and participating in client engagements and research as part of the project team
Maintaining up-to-date knowledge of computing tools, providing technical training and helping to grow the in-house knowledge base, specifically in a Linux environment
Presenting research at selected conferences
Examples of activities for the Data Scientist will include:
Developing data engineering and machine learning production systems for full stack data science projects
Using natural language processing methodologies to work with EMR data, social media data and other unstructured data
Optimizing procedures for managing and accessing large databases (e.g., insurance claims, electronic health records, financial transactions)
Creating interactive analytics portals and data visualizations (e.g., using R/Shiny, Python/Flask, D3)
Building and maintaining high performance computing (HPC) tools on grid and cloud computing environments
Developing and reviewing software and packages in R, Python and other Object Oriented Languages
Establishing optimized procedures for repetitive or computationally intensive tasks (C, C++, Cuda-C)
Qualifications
Strong credentials and experience in database management and data visualization
Significant experience working within a Linux environment required
Background in Statistics/Econometrics or Biostatistics
Ideally PhD in Computer Science, Mathematics, Statistics, Economics or other relevant scientific degree with relevant experience. Other candidates with at least one year of experience in the field may also be considered
Excellent written and verbal communication skills
Project experience with R and/or Python
Familiar with online/cloud computing/storage (e.g., AWS)
Demonstrated experience working on project teams and collaborating with others
SCIENTIFIQUE DES DONNÉES

*L’utilisation du genre masculin sert uniquement à alléger le texte et est utilisé ici en tant que genre neutre

Survol

Groupe d’analyse ltée est l’une des plus grandes firmes de services-conseils en économie, comptant plus de 950 professionnels répartis dans 14 bureaux en Amérique du Nord, en Europe et en Asie. Depuis 1981, nous offrons notre expertise en matière de stratégie, d’économie, de finance et d’analyse dans le domaine des soins de santé aux grands cabinets d’avocats, aux sociétés Fortune Global 500 et aux agences gouvernementales du monde entier. Nos professionnels en poste conjugués à notre réseau de spécialistes affiliés issus d’universités, d’industries spécifiques et d’organismes gouvernementaux procurent à notre clientèle un savoir-faire d’une portée et d’une profondeur exceptionnelles.

Nous sommes présentement à la recherche d'un Scientifique des données (« Data Scientist ») pour se joindre à notre équipe. Le candidat idéal devrait être passionné par la recherche de pointe et les services analytiques pour les entreprises Fortune 500, les entreprises pharmaceutiques et biotechnologiques mondiales et les chefs de file dans des secteurs de la finance, l'énergie et les sciences de la vie. Le Scientifique des données sera un membre contributeur aux mandats des clients et aura l'occasion de travailler avec notre réseau d'experts et de leaders d'opinion de classe mondiale.

Description du poste et des responsabilités

Le scientifique des données aidera à développer, maintenir et enseigner de nouveaux outils et méthodologies liés à la science des données (« Data Science ») et au HPC. Ce poste aidera également le Groupe d'analyse à maintenir sa position de chef de file en ce qui a trait à l'avancement de la méthodologie et de l'analyse des données. Le scientifique des données sera chargé de se tenir au courant des nouveaux développements technologiques liés à la science des données, afin de les partager plus largement avec le Groupe d'analyse.

Les principales responsabilités de ce poste comprendront:

- Collaborer avec les consultants pour relever les défis de la science des données et de sciences informatiques

- Agir à titre de ressource et participer aux mandats et à la recherche en tant que membre de l'équipe de projet

- Maintenir à jour les connaissances sur les outils informatiques, fournir une formation technique et aider à développer la base de connaissances interne, notamment dans un environnement Linux

- Présenter la recherche à des conférences choisies

Exemples de tâches du scientifique des données :

- Développement de systèmes de production en ingénierie des données ainsi qu’en apprentissage machine pour des projets de science des données full stack

- Utiliser des méthodologies NLP pour travailler avec les données médicales électroniques, les données des médias sociaux et d'autres données non structures

- Optimiser les procédures de gestion et d'accès aux grandes bases de données (ex. réclamations d'assurance, dossiers de santé électroniques, transactions financières)

- Création de portails d'analyse interactifs et de visualisations de données (par exemple, en utilisant R/Shiny, Python/Flask, D3)

- Construire et maintenir des outils de calcul de haute performance (HPC).

- Développement et révision de codes en R, Python et autres langages

- Mise en place de procédures optimisées pour les tâches répétitives ou intensives en calcul (C, C++, Cuda-C)

Qualifications requises

- Solides références et expérience dans la gestion de bases de données et de la visualisation de données

- Expérience de travail significative dans un environnement Linux requise

- Expérience antérieure en statistique/économétrie ou bio-statistique

- Idéalement, être titulaire d'un doctorat en sciences informatiques, en mathématiques, en statistique, en économie ou d'un autre diplôme scientifique pertinent et posséder une expérience pertinente. Les candidats ayant au moins un an d'expérience dans le domaine peuvent également être considérés.

- Excellentes aptitudes de communication écrite et verbale

- Expérience de projet avec R et/ou Python

- Familiarité avec l'informatique en ligne/info nuagique et le stockage (AWS)

- Expérience de travail démontrée au sein d'équipes de projet et de collaboration avec d'autres personnes
Equal Opportunity Employer/Protected Veterans/Individuals with Disabilities.
Please view Equal Employment Opportunity Posters provided by OFCCP here.
The contractor will not discharge or in any other manner discriminate against employees or applicants because they have inquired about, discussed, or disclosed their own pay or the pay of another employee or applicant. However, employees who have access to the compensation information of other employees or applicants as a part of their essential job functions cannot disclose the pay of other employees or applicants to individuals who do not otherwise have access to compensation information, unless the disclosure is (a) in response to a formal complaint or charge, (b) in furtherance of an investigation, proceeding, hearing, or action, including an investigation conducted by the employer, or (c) consistent with the contractor's legal duty to furnish information. 41 CFR 60-1.35(c)
­
Equal Opportunity Employer/Protected Veterans/Individuals with Disabilities.
Please view Equal Employment Opportunity Posters provided by OFCCP here.
The contractor will not discharge or in any other manner discriminate against employees or applicants because they have inquired about, discussed, or disclosed their own pay or the pay of another employee or applicant. However, employees who have access to the compensation information of other employees or applicants as a part of their essential job functions cannot disclose the pay of other employees or applicants to individuals who do not otherwise have access to compensation information, unless the disclosure is (a) in response to a formal complaint or charge, (b) in furtherance of an investigation, proceeding, hearing, or action, including an investigation conducted by the employer, or (c) consistent with the contractor's legal duty to furnish information. 41 CFR 60-1.35(c)",4.0,Analysis Group,"Boston, MA","Boston, MA",1001 to 5000 employees,1981,Private Practice / Firm,Consulting,Business Services,₹10 to ₹50 billion (INR),-1,2019-02-09
"Scientist, Population Genomics",$77K-$92K (Glassdoor Est.),"WuXi NextCODE is seeking a motivated Scientist in Population Genetics to serve as a primary contact for new and existing life science partners. In this capacity he/she is responsible for applying genomic analysis tools to gain insights into clinicogenomic data sets (such as the UK Biobank) for common diseases. Prior experience with NGS data analysis is essential to enable the translation of questions of complex disease biology into our analytical workflows for the identification of drug targets, biomarkers and patient stratification.

This is an exciting position that allows you to interact directly with our life science partners to help them implement NGS analysis workflows and arrive at meaningful insights that have real-world impact. You will leverage your deep scientific knowledge to identify customer challenges and map them to WuXi NextCODEs products and services. This effort will be supported by your collaboration across internal teams from Applied Research, Bioinformatics, Informatics, and Data Science & AI.

Essential Functions

Reasonable accommodations may be made to enable individuals with disabilities to perform the essential functions.
Engage in scientific discussions with internal teams and external partners to provide scientific expertise for hypothesis generation, study design and data analysis of large scale clinicogenomic data sets.
Serve as the scientific/technical expert point of contact for prospective and existing partners; and identify opportunities to strengthen the scientific collaboration throughout the course of the project.
Apply statistical genetic/genomic approaches to integrate and analyze phenotypic and genomic data with the ultimate aim to identify/validate potential therapeutic targets and biomarkers.
Prepare and deliver original scientific content for proposals, white papers, and publications; and present scientific findings at conferences, in webinars and other thought leadership engagements that showcase the WuXi NextCODE genomic analysis approach and tools.
Effectively communicate complex scientific concepts to a wide-range of audiences with varying levels of expertise both internal and external to the organization.
Skills and experience

The successful candidate will be a results-focused, team-oriented, creative scientist, able to excel in a fast-paced environment. He or she must be self-motivated, detail-oriented and exhibit strong problem-solving skills. In addition, the successful candidate should be a clear and effective communicator, demonstrating strong interpersonal skills to enable collaboration with project teams, peers, management and external partners.
Experience in target discovery and validation pipelines preferred.
Strong statistical programming skills in languages such as R or Python.
Hands on experience with genomic pipelines, quality control procedures, and toolsets.
Ideal candidate is familiar with statistical genetics approaches to large scale genomics (PLINK, GWAS, PheWAS).
Experience applying novel approaches to integrating multi-omic data-sets (e.g., phenomic, genomic, transcriptomic, epigenomic)
D. in genetics, molecular biology or another relevant field preferred.",2.9,Wuxi Nextcode,"Cambridge, MA","Cambridge, MA",501 to 1000 employees,2015,Company - Private,Biotech & Pharmaceuticals,Biotech & Pharmaceuticals,Unknown / Non-Applicable,-1,2019-02-09
Senior Data Engineer,$77K-$92K (Glassdoor Est.),"Lendio is looking to fill a position for a Senior Data Engineer. In addition to reporting to the lead Data Architect, this role will work with engineering leadership, application engineers, members of the BI team, and others to design, maintain, and deliver data from various systems on the front end of the Lendio processes. This includes working with the application database, analytics platforms, and other data sources that run the production application environment but also feed into all reporting systems.

Responsibilities would include working with the engineering team to design and modify the existing data structures to better support reporting, and scaling, and new data needs as features are added to the system. Data migrations, data importing, data cleansing, and reporting will be key technical functions of this role.

Requirements
1+ years of experience with AWS data solutions (Kinesis, Glue, Step Functions, Lambda)
1+ years of experience in Python
2+ years of experience with Big Data technologies (Athena, S3, BigQuery, Redshift, Cassandra)
3+ years of experience with MySQL
Experience with data pipeline technologies (Airflow, Apache Beam, Spark, Hadoop)
Deep knowledge of OLAP vs OLTP database architectures
Working knowledge in end-user web analytics
Experience in explaining complex data structures to non-technical users
Previous experience architecting and building data pipelines from 1st party and 3rd party data sources
Ability to optimize and improve performance of SQL queries
Experience in Javascript (specifically NodeJS)
Benefits
A full suite of traditional benefits, even for your fur babies!
Unlimited PTO
401k with Company-Match & Immediate Vesting
Company contributes to HSA
Wellness program
Work/Life balance
The best reason to work at Lendio is our culture! Check it out at #LendioLife and Glassdoor",4.9,Lendio,"Lehi, UT","Lehi, UT",201 to 500 employees,2011,Company - Private,Lending,Finance,₹5 to ₹10 billion (INR),-1,2019-02-09
Sr Data Scientist,$77K-$92K (Glassdoor Est.),"JOB DUTIES:Senior Data Scientist for Ecolab, Inc. at its facility in Naperville, IL. Actively engage with internal business stakeholders to understand business challenges and deliver robust, data driven solutions. Integrate inputs from subject matter experts with statistical, mathematical, predictive modeling and business analysis skills to manage and manipulate complex high-volume data from a variety of sources. Validate proof of concept (POCs) by analyzing organizational data and present insights to determine the potential to be taken up as a full-scale funded analytics project. Collaborate closely with Business Partners/Analysts, Data Engineers, System Administrators and other Data Scientists to develop and integrate innovative AI/ML models into useable data products and services. Leverage open source tools like Python along with Microsoft Azure cloud based big data/AI environments to implement scalable predictive/prescriptive models. Present the results of your work to all levels within the organization, offering actionable real-time insights that have a measurable and ongoing impact on business. Partner with customers and leading digital companies to leverage cutting edge technology (machine learning, streaming analytics and real big data) to creatively solve problems and disrupt existing business models.

REQUIREMENTS: Masters degree in Data Science, Business Analytics, Math, Statistics or related field with an emphasis on analytics and four (4) years of experience working and participating on a cross functional project team, from inception to delivery. Experience must also include two (2) years of post-bachelors progressive experience in all of the following: Deliver data-driven solutions by applying problem-solving and analytics to business challenges; Articulate & present complex mathematical solutions in a simple manner that most will understand; Use statistics/analytics/visualization tools, including Microsoft Azure Suite, Azure ML, PowerBI, Python and SQL; Manipulate complex high-volume data from a variety of sources using statistical, mathematical, predictive modeling and business analysis.

EX: OUT

Our Commitment to Diversity and Inclusion

At Ecolab, we believe the best teams are diverse and inclusive, and we are on a journey to create a workplace where every associate can grow and achieve their best. We are committed to fair and equal treatment of associates and applicants. We recruit, hire, promote, transfer and provide opportunities for advancement on the basis of individual qualifications and job performance. In all matters affecting employment, compensation, benefits, working conditions, and opportunities for advancement, we will not discriminate against any associate or applicant for employment because of race, religion, color, creed, national origin, citizenship status, sex, sexual orientation, gender identity and expressions, genetic information, marital status, age, disability, or status as a covered veteran.

In addition, we are committed to furthering the principles of Equal Employment Opportunity (EEO) through Affirmative Action (AA). Our goal is to fully utilize minority, female, disabled and covered veteran individuals at all levels of the workforce. Ecolab is a place where you can grow your career, own your future and impact what matters.

We will consider for employment all qualified applicants, including those with criminal histories, in a manner consistent with the requirements of applicable state and local laws, including the City of Los Angeles Fair Chance Initiative for Hiring Ordinance and the San Francisco Fair Chance Ordinance.",3.6,Ecolab,"Naperville, IL","Saint Paul, MN",10000+ employees,1923,Company - Public,Chemical Manufacturing,Manufacturing,₹500+ billion (INR),-1,2019-02-09
Data Engineer,$77K-$92K (Glassdoor Est.),"Secure our Nation, Ignite your Future

This position will report to the Group CTO and be part of the technology office staff. You will be supporting an internal big data analytics application that will be hosted on a cloud platform. You will have prior experience working in an agile/DevOps environment. You will have the opportunity to work with some of the newest technologies, transformative projects, and play a strong role in shaping the innovation agenda across the company.

Essential Job Duties:
Provide database design, development and implementation support
Participate in daily scrum meetings and support development team
Work with customers and team members in an Agile development environment
Follow Continuous Integration/Continuous Delivery (CI/CD) best practices for code build and deployments
Develop PL/SQL, stored procedures, ETL scrips to support this analytics application
Document database design and develop optimum data ingest techniques from multiple data sources
Minimum Requirements:
Minimum Requirements: Bachelors Degree in Computer Science, IT or related field & minimum 5-7 years of QA experience
Minimum experience of 5 years with relational databases such as Oracle, SQL Server, Sybase, RedShift
Minimum 3+ years of experience with ETL technologies
Additional skills:

Experience using Jira, Git, Confluence, Knowledge and understanding of big data technologies like Hadoop, Hive, etc., Ability to handle stress and work well under pressure, Ability to use MS Office, Experience with cloud technologies, Analytical and Critical Thinking Skills, Interpersonal and People Skills, Leadership Skills, Listening Skills, Multitasking Ability, Oral and Written Communication Skills, Organizational Skills

ManTech International Corporation, as well as its subsidiaries proactively fulfills its role as an equal opportunity employer. We do not discriminate against any employee or applicant for employment because of race, color, sex, religion, age, sexual orientation, gender identity and expression, national origin, marital status, physical or mental disability, status as a Disabled Veteran, Recently Separated Veteran, Active Duty Wartime or Campaign Badge Veteran, Armed Forces Services Medal, or any other characteristic protected by law.

If you require a reasonable accommodation to apply for a position with ManTech through its online applicant system, please contact ManTech's Corporate EEO Department at (703) 218-6000. ManTech is an affirmative action/equal opportunity employer - minorities, females, disabled and protected veterans are urged to apply. ManTech's utilization of any external recruitment or job placement agency is predicated upon its full compliance with our equal opportunity/affirmative action policies. ManTech does not accept resumes from unsolicited recruiting firms. We pay no fees for unsolicited services.

If you are a qualified individual with a disability or a disabled veteran, you have the right to request an accommodation if you are unable or limited in your ability to use or access http://www.mantech.com/careers/Pages/careers.aspx as a result of your disability. To request an accommodation please click careers@mantech.com and provide your name and contact information.",4.1,ManTech,"Herndon, VA","Herndon, VA",5001 to 10000 employees,1968,Company - Public,Research & Development,Business Services,₹100 to ₹500 billion (INR),-1,2019-02-09
