company,location,city,state,country
goTRG,"Miami, FL",Miami, FL,
Analysis Group,"Boston, MA",Boston, MA,
GovTech,"San Francisco, CA",San Francisco, CA,
GEICO,"Chevy Chase, MD",Chevy Chase, MD,
ManTech,"Herndon, VA",Herndon, VA,
Takeda,"Cambridge, MA",Cambridge, MA,
Affinity Solutions,"New York, NY",New York, NY,
Brinks Home Security,"Dallas, TX",Dallas, TX,
Ecolab,"Naperville, IL",Naperville, IL,
Lendio,"Lehi, UT",Lehi, UT,
A Place for Mom,"Overland Park, KS",Overland Park, KS,
Veracyte,"South San Francisco, CA",South San Francisco, CA,
Central California Alliance for Health,"Scotts Valley, CA",Scotts Valley, CA,
Avlino,New Jersey,New Jersey,,
ManTech,"Chantilly, VA",Chantilly, VA,
Steady,"Atlanta, GA",Atlanta, GA,
Great-Circle Technologies,"Chantilly, VA",Chantilly, VA,
Wuxi Nextcode,"Cambridge, MA",Cambridge, MA,
Apellis Pharmaceuticals,"San Francisco, CA",San Francisco, CA,
Mars,Oregon,Oregon,,
